Datetime,Water Level (m)
2026-02-20 18:00:00,-0.00033088383
2026-02-20 19:00:00,-0.0004896392
2026-02-20 20:00:00,-0.0003878624
2026-02-20 21:00:00,-0.00020130574
2026-02-20 22:00:00,-9.859373e-05
2026-02-20 23:00:00,-8.280302e-05
2026-02-21 00:00:00,-9.081915e-05
2026-02-21 01:00:00,-9.601496e-05
2026-02-21 02:00:00,-0.00010444118
2026-02-21 03:00:00,-0.000108282366
2026-02-21 04:00:00,-9.857116e-05
2026-02-21 05:00:00,-0.00019151608
2026-02-21 06:00:00,-0.00040184765
2026-02-21 07:00:00,-0.00051879254
2026-02-21 08:00:00,-0.0004606197
2026-02-21 09:00:00,-0.00027459892
2026-02-21 10:00:00,-0.0001514022
2026-02-21 11:00:00,-0.00010911667
2026-02-21 12:00:00,-0.0001028969
2026-02-21 13:00:00,-0.00010126366
2026-02-21 14:00:00,-0.00010361199
2026-02-21 15:00:00,-0.000105708954
2026-02-21 16:00:00,-9.885804e-05
2026-02-21 17:00:00,-0.00017567567
2026-02-21 18:00:00,-0.0003753504
2026-02-21 19:00:00,-0.00050460047
2026-02-21 20:00:00,-0.00045468856
2026-02-21 21:00:00,-0.00025869472
2026-02-21 22:00:00,-0.00012818715
2026-02-21 23:00:00,-8.95156e-05
2026-02-22 00:00:00,-9.277897e-05
2026-02-22 01:00:00,-9.86585e-05
2026-02-22 02:00:00,-0.00010490385
2026-02-22 03:00:00,-0.000107927044
2026-02-22 04:00:00,-0.000107549
2026-02-22 05:00:00,-9.0646274e-05
2026-02-22 06:00:00,-0.00022614887
2026-02-22 07:00:00,-0.00039836828
2026-02-22 08:00:00,-0.00047003868
2026-02-22 09:00:00,-0.00038700664
2026-02-22 10:00:00,-0.0002165151
2026-02-22 11:00:00,-0.00011922148
2026-02-22 12:00:00,-0.000101187456
2026-02-22 13:00:00,-0.00010289233
2026-02-22 14:00:00,-0.00010270413
2026-02-22 15:00:00,-0.00010324025
2026-02-22 16:00:00,-0.00010628723
2026-02-22 17:00:00,-9.1902795e-05
2026-02-22 18:00:00,-0.0002065659
2026-02-22 19:00:00,-0.00034844773
2026-02-22 20:00:00,-0.0003961369
2026-02-22 21:00:00,-0.0003029919
2026-02-22 22:00:00,-0.00014680409
2026-02-22 23:00:00,-8.5344545e-05
2026-02-23 00:00:00,-8.673645e-05
2026-02-23 01:00:00,-9.2628536e-05
2026-02-23 02:00:00,-9.745144e-05
2026-02-23 03:00:00,-0.000100349076
2026-02-23 04:00:00,-0.00010202296
2026-02-23 05:00:00,-9.614277e-05
2026-02-23 06:00:00,-7.5631244e-05
2026-02-23 07:00:00,-0.00018603507
2026-02-23 08:00:00,-0.00032184384
2026-02-23 09:00:00,-0.0003669461
2026-02-23 10:00:00,-0.00027534296
2026-02-23 11:00:00,-0.0001319723
2026-02-23 12:00:00,-8.2884675e-05
2026-02-23 13:00:00,-8.579017e-05
2026-02-23 14:00:00,-9.374435e-05
2026-02-23 15:00:00,-0.00010053301
2026-02-23 16:00:00,-0.000103107595
2026-02-23 17:00:00,-9.967834e-05
2026-02-23 18:00:00,-8.720231e-05
2026-02-23 19:00:00,-0.00016588761
2026-02-23 20:00:00,-0.00023648413
2026-02-23 21:00:00,-0.00024977807
2026-02-23 22:00:00,-0.00017054102
2026-02-23 23:00:00,-8.8983084e-05
2026-02-24 00:00:00,-9.789576e-05
2026-02-24 01:00:00,-0.00010203829
2026-02-24 02:00:00,-0.00010044861
2026-02-24 03:00:00,-9.6189906e-05
2026-02-24 04:00:00,-9.2762304e-05
2026-02-24 05:00:00,-9.749484e-05
2026-02-24 06:00:00,-9.1340335e-05
2026-02-24 07:00:00,-7.895625e-05
2026-02-24 08:00:00,-0.00012396139
2026-02-24 09:00:00,-0.00022470573
2026-02-24 10:00:00,-0.00025161673
2026-02-24 11:00:00,-0.00019659653
2026-02-24 12:00:00,-9.428181e-05
2026-02-24 13:00:00,-9.073854e-05
2026-02-24 14:00:00,-9.779609e-05
2026-02-24 15:00:00,-9.935086e-05
2026-02-24 16:00:00,-9.993599e-05
2026-02-24 17:00:00,-0.000105248866
2026-02-24 18:00:00,-0.000105863735
2026-02-24 19:00:00,-0.000101700876
2026-02-24 20:00:00,-9.208528e-05
2026-02-24 21:00:00,-0.00011472552
2026-02-24 22:00:00,-0.00011815023
2026-02-24 23:00:00,-7.828939e-05
2026-02-25 00:00:00,-7.749673e-05
2026-02-25 01:00:00,-7.812457e-05
2026-02-25 02:00:00,-7.1581715e-05
2026-02-25 03:00:00,-7.8325706e-05
2026-02-25 04:00:00,-9.322091e-05
2026-02-25 05:00:00,-0.00010863128
2026-02-25 06:00:00,-0.000108609136
2026-02-25 07:00:00,-9.779483e-05
2026-02-25 08:00:00,-8.761249e-05
2026-02-25 09:00:00,-7.705939e-05
2026-02-25 10:00:00,-0.00014770702
2026-02-25 11:00:00,-0.00019589403
2026-02-25 12:00:00,-0.00019066161
2026-02-25 13:00:00,-0.00012390052
2026-02-25 14:00:00,-8.2923136e-05
2026-02-25 15:00:00,-8.9332076e-05
2026-02-25 16:00:00,-9.8318036e-05
2026-02-25 17:00:00,-0.00010728583
2026-02-25 18:00:00,-0.00011076036
2026-02-25 19:00:00,-0.00011289004
2026-02-25 20:00:00,-0.00010910396
2026-02-25 21:00:00,-0.00010473393
2026-02-25 22:00:00,-0.00010395683
2026-02-25 23:00:00,-9.658114e-05
2026-02-26 00:00:00,-9.171568e-05
2026-02-26 01:00:00,-9.517201e-05
2026-02-26 02:00:00,-0.00010004722
2026-02-26 03:00:00,-0.00010276579
2026-02-26 04:00:00,-0.00010457209
2026-02-26 05:00:00,-0.00010714624
2026-02-26 06:00:00,-0.00011227175
2026-02-26 07:00:00,-0.00012616876
2026-02-26 08:00:00,-0.00013925911
2026-02-26 09:00:00,-0.0001381362
2026-02-26 10:00:00,-0.00013029463
2026-02-26 11:00:00,-0.00016498799
2026-02-26 12:00:00,-0.00024660552
2026-02-26 13:00:00,-0.00027093952
2026-02-26 14:00:00,-0.00023612777
2026-02-26 15:00:00,-0.00014941562
2026-02-26 16:00:00,-9.289462e-05
2026-02-26 17:00:00,-9.3109404e-05
2026-02-26 18:00:00,-9.603843e-05
